support,updates,learned,recovered,miss_denominator,retained,new_misses,normal_alerts,normal_denominator,new_normal_alerts,clean_recovery
K01,1,True,8,8,13,0,68,250,57,False
K01,5,True,8,8,13,0,240,250,229,False
K01,10,True,8,8,13,0,245,250,234,False
K02,1,True,8,8,13,0,70,250,59,False
K02,5,True,8,8,13,0,242,250,231,False
K02,10,True,8,8,13,0,246,250,235,False
K03,1,True,8,8,13,0,66,250,55,False
K03,5,True,8,8,13,0,240,250,229,False
K03,10,True,8,8,13,0,245,250,234,False
K04,1,True,8,8,13,0,76,250,65,False
K04,5,True,8,8,13,0,239,250,228,False
K04,10,True,8,8,13,0,245,250,234,False
K05,1,True,8,8,13,0,68,250,57,False
K05,5,True,8,8,13,0,239,250,228,False
K05,10,True,8,8,13,0,245,250,234,False
K06,1,True,8,8,13,0,73,250,62,False
K06,5,True,8,8,13,0,240,250,229,False
K06,10,True,8,8,13,0,246,250,235,False
K07,1,True,8,8,13,0,68,250,57,False
K07,5,True,8,8,13,0,240,250,229,False
K07,10,True,8,8,13,0,245,250,234,False
K08,1,True,8,8,13,0,72,250,61,False
K08,5,True,8,8,13,0,239,250,228,False
K08,10,True,8,8,13,0,245,250,234,False
K09,1,True,8,8,13,0,65,250,54,False
K09,5,True,8,8,13,0,240,250,229,False
K09,10,True,8,8,13,0,245,250,234,False
